id_review,caption,relative_date,retrieval_date,rating,username,n_review_user,n_photo_user,url_user,sentiment,sentiment_confidence,authenticity_score
Ci9DQUlRQUNvZENodHljRjlvT2xBMFFVaFZZMnRJTTNsNmVUUjZiUzEzV2tkd1pFRRAB,"McDonald‚Äôs is a great place for quick and tasty food. The burgers, fries, and drinks are always fresh and delicious. The place is always full of people, and it has 2 connected floors for seating, which makes it spacious and comfortable. The atmosphere is lively, the taste is amazing, and the service is fast with friendly staff. Perfect spot for friends, family, or a quick meal on the go.",a month ago,2025-11-04 16:06:51.353876,5.0,Anuj Yadav,56,https://www.google.com/maps/contrib/113409541213159256568/reviews?hl=en,,positive,0.721,0.46
Ci9DQUlRQUNvZENodHljRjlvT25KU2FWZzNVMWhRWW1GS05IRmhlVVY0WkUxdVVWRRAB,According to the price the not offer good quality specially in range of burgers  new look of maccafe was good nice ambience price was high as compared to the quality and quantity they offer,2 weeks ago,2025-11-04 16:06:51.354566,3.0,Travelers World,159,https://www.google.com/maps/contrib/113217654750468754752/reviews?hl=en,,positive,0.547,0.18
ChZDSUhNMG9nS0VLU3EySnJiMDVLSUJnEAE,"Located in civil lines near Shubhash Chauraha. Paid parking option is there. At evening there is a little or no place to seat. Now a days digital order system is there, you can directly order by yourself and wait for your order to prepare. All junk foods are available here. Everything a person should avoid. A lot of items are kept for long in freezer. Costly cold drink and bad sitting options. I don't know why people choose such place to go. Service is also not acceptable, you have to do everything by yourself. Even they don't call your name when your item is ready.",4 months ago,2025-11-04 16:06:51.354883,3.0,Manjeet Kushwaha,438,https://www.google.com/maps/contrib/109290667410261220364/reviews?hl=en,,negative,0.449,0.5
ChZDSUhNMG9nS0VJQ0FnTUNZMUpyX2ZnEAE,"I recently visited this McDonald's outlet and had a great time with my friends üòÑ. The food, as always, lived up to expectations‚Äîclassic McAloo Tikki meal and a Korean Spicy Paneer burger üçüüî•. No complaints at all. The service was quick, and the staff were working efficiently and gracefully üôå. It's always inspiring to see such hardworking people, each bringing their own energy and beauty to the place üí´.  What made this visit truly memorable, however, was something‚Äîor rather, someone‚Äîunexpected üí≠. Among the bustling crowd, I noticed a girl who genuinely stood out üíñ. She seemed to be around my age and had this quiet charm that was impossible to ignore üå∏. I looked at her just briefly, twice maybe, but to my surprise, she looked back‚Äîand my friend noticed it too üëÄ. That simple exchange, just a glance, created a small moment of connection in the middle of an ordinary day üåÜ.  I‚Äôm an artist üé®, and sometimes, you come across a face that inspires you‚Äîthat makes you want to capture the essence of it on paper üñåÔ∏è. Hers was one of those rare faces. I wish I had asked her if I could draw her. Not in a weird or forward way‚Äîjust as an artist admiring a fleeting piece of beauty üåà. But our order arrived, and I didn‚Äôt want to make her uncomfortable, so I left it at that and moved on üçî.  Life has its own ways ‚ú®. Maybe if the universe wills it, I‚Äôll cross paths with her again. With just a month left in this city, the thought feels both urgent and poetic ‚è≥üåå.",6 months ago,2025-11-04 16:06:51.355706,5.0,Kumar pranav,24,https://www.google.com/maps/contrib/105993312981200103767/reviews?hl=en,,positive,0.308,0.73
Ci9DQUlRQUNvZENodHljRjlvT2tsMWJFUmFkMFJPWDA5WlYzb3hjamhJTjFrNFZHYxAB,Liked the new crispy burger. But poor service and atmosphere. It's almost always crowded and the staff is over burdened which leads to bad service. Most kiosks don't work.,2 months ago,2025-11-04 16:06:51.356369,4.0,Rashmi Gupta,178,https://www.google.com/maps/contrib/111041830073871885684/reviews?hl=en,,negative,0.427,0.3
Ci9DQUlRQUNvZENodHljRjlvT2xFMmJ6aDBVbmhJZHpOQmRrZG9VVGxwVjNRdGJXYxAB,"I recently visited McDonald's and had a great experience. The food was amazing, with their signature burgers and crispy fries being the highlights. The service was quick and friendly, with the staff being attentive and courteous. The atmosphere was clean and welcoming, making it a great spot for a casual meal with family or friends. The music was upbeat but not overpowering, and the seating area was comfortable.  *Food: 5/5 The burgers were juicy and flavorful, with a perfect balance of toppings. The fries were crispy on the outside and fluffy on the inside. The McFlurry was a great dessert option. *Service: 4/5* The staff were friendly and efficient, with a smile that made our experience even better. *Atmosphere: 5/5* The ambiance was modern and clean, with a fun vibe that made it a great spot for a casual meal.  *Overall: 4/5* I'd definitely recommend McDonald's for a quick and delicious meal. The food was great, the service was excellent, and the atmosphere was welcoming.  Will I go back? Absolutely!",2 weeks ago,2025-11-04 16:06:51.356821,4.0,Jay Saroj,9,https://www.google.com/maps/contrib/105777881219901841055/reviews?hl=en,,positive,0.83,0.66
Ci9DQUlRQUNvZENodHljRjlvT2pGUE5FRnBVV2d5ZEVGTFYxRXRXSGhJTW14emEyYxAB,"The table service was unavailable,the tap was not working.Also there cold drink have a lot of ice cubes unnecessarily which fades the taste of real cold drink and makes it tasteless and too cold to drink.",3 weeks ago,2025-11-04 16:06:51.357224,1.0,Ayush Singh,5,https://www.google.com/maps/contrib/110712435883652658816/reviews?hl=en,,negative,0.633,0.16
ChdDSUhNMG9nS0VOcjZ5Snp1MktYdHl3RRAB,"Okayish, but I would rather suggest not to dine in if you are planning to have fun time with your friends and stay for long but if you are there only for small greetings or food then definitely recommend it",5 months ago,2025-11-04 16:06:51.357676,4.0,Bhavya,11,https://www.google.com/maps/contrib/100416025729123465346/reviews?hl=en,,neutral,0.602,0.33
Ci9DQUlRQUNvZENodHljRjlvT25ZNFR6VlVZbVV3Vms1bmVFdDBRbVUyUWtwSmVGRRAB,Only McDonald's in Allahabad situated in the first of its kind Atlantis Mall. Today you can find VCC mall and many more. Moving forward this mcdonald Sees a great rush everyday. The place synonymous with young crowd caters them well. The service is decent and the staff ok ok.,2 months ago,2025-11-04 16:06:51.357999,4.0,MD Haseeb,299,https://www.google.com/maps/contrib/116085730754075148229/reviews?hl=en,,neutral,0.43,0.36
ChdDSUhNMG9nS0VJQ0FnSUN6c3I2Zm5BRRAB,"One of the few budget-friendly big food chains available in the city. The food has the authentic McD taste. It's mostly crowded with people of all age groups having a good time. The expansion and renovation have made it match modern standards, and the overall ambiance is good. There are also 4-6 self-ordering kiosks with the option of table service, making the process smoother and easier. The staff is overall good and friendly",a year ago,2025-11-04 16:06:51.358305,5.0,Abhinav Yadav,46,https://www.google.com/maps/contrib/109266306855582674964/reviews?hl=en,,positive,0.531,0.49
Ci9DQUlRQUNvZENodHljRjlvT2xsWFgySkZVR2hRY0ZWWWRVRmpNVEZLYWkwelFVRRAB,"I did not like this restaurant at all. First of all, their food is very poor in quality. The dishes seem old, and the taste is not fresh at all. The presentation is very basic and messy‚Äîlike someone just hurriedly threw it onto the plate. The service is slow and careless; the staff seems rude, and orders do not arrive on time. As for hygiene, the plates and cutlery are clearly not properly clean. The price also feels high for the quality, meaning it‚Äôs a waste of money. Overall, recommending this restaurant is difficult, especially if you like tasty and fresh food.",3 weeks ago,2025-11-04 16:06:54.917709,1.0,Aayat Rizvi,10,https://www.google.com/maps/contrib/116392948494622993338/reviews?hl=en,,negative,0.545,0.62
ChZDSUhNMG9nS0VJQ0FnSURmaWZuWlZREAE,Located in civil lines McDonald's is a hub for foodies....the atmosphere inside is very eligent and peaceful...you'll find crowd at weekends as people visit in greater number as of weekdays...with new Mc Cafe more options have been added in lunch beverages drinks and snacks....you can come with family or friends and grab some great deals on theirs packs.,9 months ago,2025-11-04 16:06:54.918083,4.0,Subrat Tripathi,46,https://www.google.com/maps/contrib/100183276796174935705/reviews?hl=en,,positive,0.554,0.35
Ci9DQUlRQUNvZENodHljRjlvT21SeFUwOTViRUo2TFhkMGFHUTVaR3cwU21wVmNHYxAB,Food quality is not good specially french fries and coca cola soft drink and  table service is not  available in this outlet.,3 weeks ago,2025-11-04 16:06:54.918521,1.0,Aditya Pratap Singh,2,https://www.google.com/maps/contrib/104639936004591912441/reviews?hl=en,,positive,0.546,0.16
ChZDSUhNMG9nS0VJQ0FnTURvb1lpUURnEAE,Good experience.  All staff behavior is too good & friendly . foods are testy.  Loved itt,6 months ago,2025-11-04 16:06:54.918908,5.0,Pritam Das,19,https://www.google.com/maps/contrib/116957895047441130000/reviews?hl=en,,positive,0.465,0.23
ChZDSUhNMG9nS0VJQ0FnSURldE5PSGZ3EAE,One less rating is for cleanliness. This place is very crowded this is because people love the items delivered here. You have to service yourself or you can prefer table service as well.  We celebrated my sister‚Äôs birthday here and it was Great place to enjoy with family and familiesüíù,Edited a year ago,2025-11-04 16:06:54.919150,4.0,Twinkal Jaiswal,89,https://www.google.com/maps/contrib/106685178681878961269/reviews?hl=en,,positive,0.413,0.41
ChdDSUhNMG9nS0VJQ0FnSURWOWJ2NDVBRRAB,after renovation interior is very good. space is also increase and new vibe of McDonald's. üçüüçîüç¶ but order from yourself is very pathetic and also staff is irritating they force to order by ordering machine. üò° They also force Senior citizens to order by yourself without further any help. work on your staff behavior I give 5/5 for place but 0/5 for staff behavior overall experience is average,a year ago,2025-11-04 16:06:54.919439,4.0,Abhash Chaudhary,59,https://www.google.com/maps/contrib/115320950605181441002/reviews?hl=en,,neutral,0.5,0.4
Ci9DQUlRQUNvZENodHljRjlvT21aVVZFNHljMVpTTnpscWFteE5jamhwTkZwNVNFRRAB,"Worst management in prayagraj, uttar pradesh macdonald, people wait for atleast an hour for an order, no staff to attend customer, display board not working properly, worst experience",a week ago,2025-11-04 16:06:54.919722,1.0,Payal Rajput,1,https://www.google.com/maps/contrib/104135729494895840409/reviews?hl=en,,negative,0.847,0.18
Ci9DQUlRQUNvZENodHljRjlvT2toMVZVdzBSRjl3VmtKdmRVRlBjV3d3VlVkU1UzYxAB,"*1/5 stars*  Visited McDonald's recently and was disappointed with the staff behavior and service. The staff seemed unfriendly and unhelpful. When I asked for table service, I was told that it's self-service and I had to go to the counter to order and collect my food. There was no table number token provided, which made it confusing to manage orders.  The worst part was when the staff seemed put off when I asked for assistance. The overall experience was not pleasant, and I felt that the staff could be more courteous and helpful.  *Suggestions for improvement:*  - Train staff to be more friendly and helpful - Provide clear signage about self-service and table service options - Consider providing table number tokens to manage orders efficiently",a month ago,2025-11-04 16:06:54.919984,1.0,Romu,1,https://www.google.com/maps/contrib/104935547254210800294/reviews?hl=en,,neutral,0.342,0.56
Ci9DQUlRQUNvZENodHljRjlvT2xoek1qZE9aVzlwV0hWRloyZFFYMEU1ZUdFM09HYxAB,Worst MCD experience... as of now we have eaten at multiple outlets and we have mcd burger/meals in every 2 weeks at least but the outlet at prayagraj is the worst.. very very bad mc spicy paneer burger and ice latte coffee... its as if I am eating roadside dirt. As a regular customer... we request mcd to improve their services in prayagraj and take strict action and check the hygiene of the food served.,a week ago,2025-11-04 16:06:54.920265,1.0,Harshit Agarwal,0,https://www.google.com/maps/contrib/107623709319658036419/reviews?hl=en,,negative,0.796,0.49
Ci9DQUlRQUNvZENodHljRjlvT21WZmJtRm9iVFZPVDFaTVlsbHhObDlVTFhwelJVRRAB,"I recently visited McDonald‚Äôs and overall, it was a satisfying experience. The service was quick, and the staff was polite and attentive. I ordered a McChicken meal along with fries and a coke. The burger was fresh, the lettuce was crisp, and the bun was soft. As always, the fries were the highlight ‚Äî hot, crispy, and perfectly salted.  However, the place was quite crowded, which made finding a clean table a bit challenging. The ambiance is typical of fast-food chains ‚Äî bright and bustling, not ideal if you‚Äôre looking for a quiet meal.  Price-wise, McDonald‚Äôs remains budget-friendly, making it a good option for a quick bite. They also have many offers on their app, which is a plus.  Overall, if you‚Äôre looking for a quick, tasty, and affordable meal, McDonald‚Äôs delivers. Just don‚Äôt expect gourmet ‚Äî it‚Äôs fast food, and it does that well.  ‚≠ê Rating: 4/5",3 months ago,2025-11-04 16:06:54.920521,4.0,Ravi Yadav,85,https://www.google.com/maps/contrib/113552077823697448527/reviews?hl=en,,positive,0.566,0.61
ChZDSUhNMG9nS0VJQ0FnSUM3dnZiT1RREAE,"McDonald's has always been my favorite place. I often go there and not only that wherever I go, no matter which city or state, I always look for McDonald's because I love their cold coffee and chocolate brownie. I am totally addicted to it. And the best thing that I found after the renovation is that they have provided a charger under the tableüòÑ To jisko bhi ye chij nhi pta thi...Thanks me later!!üòÑüòÑ",Edited a year ago,2025-11-04 16:06:57.941659,5.0,Shikha Singh,54,https://www.google.com/maps/contrib/117910547396219381602/reviews?hl=en,,positive,0.752,0.54
Ci9DQUlRQUNvZENodHljRjlvT2xWVlFYQlRORGhDVFMxNGFtaFFPVlpzV25KYVdtYxAB,Just a few step ahead from Civil lines bus stand.Very congested and tightly packed due to less space for sitting. You have to wait for 10-15 min for your order. The process of ordering through screen is hectic and it don't provide much choices according to you. The taste of food is amazing. You can enjoy both veg and non veg menu.,3 months ago,2025-11-04 16:06:57.942094,4.0,Anand R mishra,32,https://www.google.com/maps/contrib/114295674928483139603/reviews?hl=en,,negative,0.298,0.4
ChdDSUhNMG9nS0VJQ0FnSUNqNkpfUXlnRRAB,"McDonald's in Pryagraj offers a delightful dining experience that keeps me coming back for more. From the moment you step inside, you're greeted with friendly smiles and a clean, inviting atmosphere. The staff here goes above and beyond to ensure every customer feels welcomed and valued.  The menu boasts a wide array of delicious options, from classic favorites like Big Macs and Chicken McNuggets to more innovative choices like the McSpicy Paneer Burger. No matter what you're craving, McDonald's Pryagraj has something to satisfy your taste buds.  One thing that truly sets this McDonald's apart is its commitment to quality. Every item is prepared with care, using fresh ingredients that never fail to impress. Whether it's the crispy fries or the juicy burgers, you can always count on McDonald's Pryagraj to deliver a top-notch meal.  The restaurant's convenient location and efficient service make it the perfect spot for a quick bite on the go or a leisurely meal with friends and family. Plus, with affordable prices and frequent promotions, dining here won't break the bank.  Overall, McDonald's Pryagraj is a shining example of what a fast-food restaurant should be. With its delicious food, friendly service, and inviting atmosphere, it's no wonder this place has become a favorite among locals and visitors alike.",a year ago,2025-11-04 16:06:57.942390,5.0,Prathamesh Gupte,82,https://www.google.com/maps/contrib/111726990634488949325/reviews?hl=en,,positive,0.382,0.61
ChdDSUhNMG9nS0VJQ0FnSUMtX3FPYnVBRRAB,Nice and budget friendly place. Taste is also fine. Its Mc puff and ice cream is always best in taste otherwise burgers are Ok type. Good thing is you can order online by sitting in your place and take your order when it gets ready.,2 years ago,2025-11-04 16:06:57.942713,4.0,Prachi Chaudhary,11,https://www.google.com/maps/contrib/114860475506695313968/reviews?hl=en,,positive,0.612,0.35
Ci9DQUlRQUNvZENodHljRjlvT201M1dGWkxjVWxNV2pjMFkySnpNR1JUWm1RMWMyYxAB,"The staff is too slow, it took 40 mins for my order and I insisted them to hurryup, but they were busy in their own world laughing and giggling like stupid kids. The food is good but the staff is very upsetting.",a month ago,2025-11-04 16:06:57.942987,1.0,Vartika,0,https://www.google.com/maps/contrib/112560804181637170168/reviews?hl=en,,negative,0.467,0.3
ChZDSUhNMG9nS0VJQ0FnSURYdjc3SU13EAE,"Really worst!!! Late delivery, cold food and really bad environment. I bet the burgers were colder than cold drinks. Waited for half an hours and we got this piece of crap. Never coming back and do not recommend to anyone. And I am writing this as I decide whether to eat it or throw it in the dustbin.",a year ago,2025-11-04 16:06:57.943258,1.0,Saurav Dwivedi,24,https://www.google.com/maps/contrib/114065483610475125855/reviews?hl=en,,negative,0.963,0.44
ChdDSUhNMG9nS0VJQ0FnSURWOE1PdHpRRRAB,"If you want a real review, it's a waste of time and a waste of money as well, they upgraded the building but also they increased the price of meal and also the quality is so bad . Don't prefer this place on weekends especially, fully crowded and food served are not hot. And the new self-ordering system is full of time and waste and the worst experience of handling it.. The process is complex and not understandable quickly... They must look into it . Parking is available but paid.. Free parking is about 200 meters",a year ago,2025-11-04 16:06:57.943516,1.0,devendra pandey,170,https://www.google.com/maps/contrib/104803711697786227258/reviews?hl=en,,negative,0.437,0.5
ChdDSUhNMG9nS0VJQ0FnTURvNWNYRDV3RRAB,A very good budget friendly place and one of my best place to visit with friends .we feel a different vibe there because of the great infrastructure and sitting . thank you! Next month on 8th may im planning to give a birthday party to my friends there .. But let me know if i get any special discounts this time please specialy for the birthday. Because birthday to a gya pr budget nhi bn pa rha !üòÑ Or friends ko party dena mna krna...no chance right?,6 months ago,2025-11-04 16:06:57.943804,4.0,It's Aditi,0,https://www.google.com/maps/contrib/110125260744281998223/reviews?hl=en,,positive,0.456,0.54
ChZDSUhNMG9nS0VJQ0FnSUMtb3JYdk5REAE,"McDonald's in Pryagraj offers a delightful dining experience that keeps me coming back for more. From the moment you step inside, you're greeted with friendly smiles and a clean, inviting atmosphere. The staff here goes above and beyond to ensure every customer feels welcomed and valued.",Edited a year ago,2025-11-04 16:06:57.944085,4.0,Akash,20,https://www.google.com/maps/contrib/103064520609392858536/reviews?hl=en,,positive,0.592,0.33
Ci9DQUlRQUNvZENodHljRjlvT2twblJEVmZNR2hqVUdZNFdUaElTemhsTFRGeVMzYxAB,"Man the fries and burgers were cold, I feel the quality is slowly detoreating.. once had top notch quality, but still the atmosphere is good, quite popular with the young crowd..",3 weeks ago,2025-11-04 16:06:57.944378,3.0,AlphaXt,11,https://www.google.com/maps/contrib/101469629272771984352/reviews?hl=en,,positive,0.392,0.28
Ci9DQUlRQUNvZENodHljRjlvT21WR1FWTndZV2xyTm5OdVdDMUdNakpGYldNdGNIYxAB,Food is good but service too late. If you go take time.btw i give rating for food and ambiance,2 months ago,2025-11-04 16:07:00.890629,3.0,AAYUSH MISHRA,184,https://www.google.com/maps/contrib/117138431463609365245/reviews?hl=en,,positive,0.502,0.18
ChdDSUhNMG9nS0VJQ0FnSURsOHF1NXlBRRAB,"The McDonald's after renovation now currently has those new vibes and it's interior is definitely great with lots of seating capacity, however I observed that the employees were misplacing the orders on some tables including mine and that can be improved. The taste was as usual..good I would say.",a year ago,2025-11-04 16:07:00.891318,4.0,Manas Kesarwani,23,https://www.google.com/maps/contrib/103612223381161632609/reviews?hl=en,,neutral,0.407,0.39
Ci9DQUlRQUNvZENodHljRjlvT2psQ2JFSlRSek5yUVc1a2FqRmFRbEkzYWpod2JHYxAB,Asking 5-6 times then we get some water to drink. This is 3rd time fries are served cold they become soggy. Experience is not really good,3 weeks ago,2025-11-04 16:07:00.891897,2.0,Neeraj Sharma,0,https://www.google.com/maps/contrib/114860511716590445634/reviews?hl=en,,positive,0.347,0.18
Ci9DQUlRQUNvZENodHljRjlvT214UU5tOVVWVUZ0UTNkUWIzUkVlVU16UWxkS1YzYxAB,Food is good... Service is slow and pathetic... In counter person takea time to place order... Self order Kiosk UI is not user friendly... Order don't display on screen correctly... And the counter staff is not well trained to handle and deliver the order... Overall service is poor and public dealing is pathetic...,3 months ago,2025-11-04 16:07:00.892440,4.0,Manas Agrawal,103,https://www.google.com/maps/contrib/105981093946125151492/reviews?hl=en,,negative,0.388,0.31
ChdDSUhNMG9nS0VJQ0FnTUNvMjZTQnFBRRAB,No washroom for ladies And very rude staff with so late food delivery,6 months ago,2025-11-04 16:07:00.892949,1.0,Rohit Tiwari,28,https://www.google.com/maps/contrib/111197737705486523740/reviews?hl=en,,positive,0.288,0.17
ChZDSUhNMG9nS0VJQ0FnSUMycWJxU2ZREAE,Ambience is quite good and the place is hygiene. Coming to food they have variety of burger means from your pocket budget to expensive kinda feast so it's good that normal people can come here and easily enjoy their meal without ending their all money on food. Also they have trained staff so don't have to worry for their behaviour and services.,3 years ago,2025-11-04 16:07:00.893491,4.0,Food Rambler,7,https://www.google.com/maps/contrib/102844336818693278319/reviews?hl=en,,positive,0.476,0.4
ChZDSUhNMG9nS0VOeTBpZC1sZ3R2ZE5REAE,"As a gym guy, I only cheat meal is MacD burger and cold coffee n ol. It‚Äôs my damn favourite. But this time I was very much disappointed. The cold coffee has no taste and felt like I was drinking water. Secondly, the store was understaffed as we have to wait for a long to get the order. Don‚Äôt worry, It will still remain my favouriteüòä",5 months ago,2025-11-04 16:07:00.894086,3.0,Vaibhav Singh,1,https://www.google.com/maps/contrib/107659100296846914125/reviews?hl=en,,negative,0.339,0.52
ChdDSUhNMG9nS0VJQ0FnSUR2cXJ5emtRRRAB,It was very tasty MC puff French fries and cold drink,10 months ago,2025-11-04 16:07:00.894577,4.0,Arpita Verma,41,https://www.google.com/maps/contrib/114994680165931470272/reviews?hl=en,,positive,0.35,0.03
ChdDSUhNMG9nS0VJQ0FnSURybjZiNHlRRRAB,"Now the new upgrade and renovation of MacDonald is very nice. Orders are received instantly through self booking system and now there is a sitting area for dining on the upper side too. There was enough space for sitting to enjoy with your frnds. MacDonald's taste is always amazing. The veg aloo tikki burger, fries and ice coffee is the best combo.. Old MacDonald üò°üòÇ New McDonald's üóøüòãü§§",a year ago,2025-11-04 16:07:00.895057,5.0,aman gupt,26,https://www.google.com/maps/contrib/116040461631992281826/reviews?hl=en,,positive,0.695,0.42
ChZDSUhNMG9nS0VJemhoUGVLX2FyVEtREAE,I'm not sure about a few employees they look frustrated and I get it's a tiring job but nobody wants there food to be served with a frown . You need to understand that you're doing hospitality work and even if you don't want to you need to be kind . I love the food though it's the same on every mcd outlet,5 months ago,2025-11-04 16:07:00.895389,4.0,samriddhi gogwal,6,https://www.google.com/maps/contrib/103334255120896290652/reviews?hl=en,,negative,0.731,0.42
Ci9DQUlRQUNvZENodHljRjlvT2tSUU5EWk5jemx0TURWVllXeEVSblJXVTFoU1MxRRAB,"Today is 10th June 2025, i went to this McDonald's outlet, and ordered 1+1 chicken puff from the main counter, everything went ok till there, after that i was patiently waiting on the receiving side of the counter, i waited for almost 10 mins then i told the male worker to pls check if my order is being processed or not, he said ""time lagega"", after that i waited for like 20 mins cause everybody else was also waiting and i didn't wanted to feel embarrassed by asking again and again, but after that when i asked again, he ignored me fully, then over the 20 minutes more i asked and him several times and he behaved very bad, i request to take proper action against his rustic and cheap behaviour, after that one lady worker that was preparing the orders inside noticed the chaos and came and took my bill and went inside, and came back and told me that they if i want veg puff instead of chicken puff, that was my limit to hold my patience, i told them to cancel my order and then that male worker spoke ""refund ka counter udhar hai"" like what ? like he owns the cafe or something, then i went and cancelled my order and took the refund and left. I just wanted to say that what that male worker thinks he is ? I request McDonald's to take proper action towards these bad employees thak single handedly pull down the brand reputation to the drain, also if you don't have ingredients to make some order, just make the person taking orders check and tell that ""sir that particular item is currently unavailable"" it will save time and unnecessary interaction with you bad staff members. i am giving one star of review because zero option was not there, also you all upgraded the interior of the cafe, but missed the key part that is to hire a well behaved staff, that assist the customer not ignore or misbehave.",4 months ago,2025-11-04 16:07:04.101884,1.0,Vibhav Singh,25,https://www.google.com/maps/contrib/116978260393795892027/reviews?hl=en,,negative,0.931,0.68
Ci9DQUlRQUNvZENodHljRjlvT2pKclZrdHpRbWRtVUcwMldtSmtOM1EwWjNKMFJFRRAB,Insider worker were cool and polite...i think those were students.. even help me..but woman from outside in ice cream corner was so rude...man,2 months ago,2025-11-04 16:07:04.102448,4.0,Prakhar Singh,1,https://www.google.com/maps/contrib/101957888673728915508/reviews?hl=en,,positive,0.293,0.21
ChdDSUhNMG9nS0VJQ0FnSUNibk5XYS1RRRAB,Overall a good place to visit with ur fam & friends üëç,a year ago,2025-11-04 16:07:04.102902,3.0,vartika,40,https://www.google.com/maps/contrib/110725902170373122806/reviews?hl=en,,positive,0.629,0.18
ChdDSUhNMG9nS0VJQ0FnSUNlcl9DbGl3RRAB,"McDonald's has introduced new items in their menu. So I tried out their Dosa Masala Burger and Chilly Chicken Burger and Double Patty Chilly Chicken Burger. The Dosa Masala Burger was an innovative fusion. The aroma,taste and flavours of the masala in a dosa were infused in the burger patty. Good variation for vegetarians. The Chilly Chicken Burger and Double Patty Chilly Chicken Burger was also like its name spicy abd the sauce used was good. I liked it apart from the fact that the patty was very thin and McDonald's hardly uses any salads with their burgers.",3 years ago,2025-11-04 16:07:04.103393,5.0,Ambuj Shrivastava,66,https://www.google.com/maps/contrib/106871780942266648646/reviews?hl=en,,positive,0.324,0.57
ChZDSUhNMG9nS0VJQ0FnSURXaFl2NWVBEAE,"Best and varities in burger .. Tried butter paneer grilled sandwichüçî, veg aloo tikki burger , veg double patty KING burger, mc puff, fanta, fries üçü, mcFlurry crunches. Prices of the burgers are moderate to little high but they are very tasty.",3 years ago,2025-11-04 16:07:04.103799,4.0,Risha Mishra,61,https://www.google.com/maps/contrib/105453515253850390489/reviews?hl=en,,positive,0.693,0.23
Ci9DQUlRQUNvZENodHljRjlvT2sxU2F6TTNOWFphWVhGUFlUVlVZM05hV205aFZHYxAB,Best place for snacks in broad daylight or evening snacks it is suitable for all time snacks there is more  fast food carts outside the building they are also providing tastier foods,a month ago,2025-11-04 16:07:04.104258,5.0,Anubhav Tiwari,13,https://www.google.com/maps/contrib/110808477766076580214/reviews?hl=en,,positive,0.637,0.22
Ci9DQUlRQUNvZENodHljRjlvT2pVMmFrOUZTV0pMVldoSWEyZFROUzF4WDNaamRWRRAB,Good but top busy. Go to upper floor for to enjoy your meal peacefully.,a month ago,2025-11-04 16:07:04.104553,5.0,Chandan Kumar Singh,153,https://www.google.com/maps/contrib/104728311096878747964/reviews?hl=en,,positive,0.512,0.23
Ci9DQUlRQUNvZENodHljRjlvT210YUxVeDRhVzFqZFdWek1GRkJaRVJTY1VaNllWRRAB,The store timing are 12 midnight but if you go there at 11 PM they will not take order. Fake people,3 weeks ago,2025-11-04 16:07:04.104745,1.0,Aryan Singh,77,https://www.google.com/maps/contrib/108364575210155012174/reviews?hl=en,,negative,0.787,0.17
ChZDSUhNMG9nS0VJQ0FnSURIcHMyeEZBEAE,"I think every staff member is very busy to do their duty.On asking also ,staff just ignored and moved on to another customer.Staff don't listen.If you have less number of staffs please hire more.Tables are left uncleaned always.Customer has to ask to clean but staff don't listen.Please train your staff to look around and please take of the hygiene and cleanliness of the place.",a year ago,2025-11-04 16:07:04.105087,1.0,Sanjana Pal,9,https://www.google.com/maps/contrib/117895008902706500722/reviews?hl=en,,negative,0.51,0.33
ChdDSUhNMG9nS0VJQ0FnSUM5NzRQeHhRRRAB,"My recent visit to McDonald's in Prayagraj Civil Lines was a delightful experience that exceeded my expectations. The standout items that truly impressed me were the burgers and the ice cream with brownie.  The burgers at McDonald's are consistently delicious, and the one I had during my visit was no exception. The patty was perfectly cooked, juicy, and flavorful, while the fresh toppings and soft bun complemented it perfectly. The combination of ingredients created a mouthwatering burger that left me wanting more.  As for the ice cream with brownie, it was a heavenly treat that satisfied my sweet tooth. The rich and creamy ice cream paired beautifully with the warm, gooey brownie, creating a decadent dessert that was simply irresistible. The textures and flavors harmonized perfectly, making it a truly indulgent experience.  The service at McDonald's in Prayagraj Civil Lines was efficient and friendly, adding to the overall positive experience. The staff was attentive and courteous, ensuring that my visit was enjoyable from start to finish.  In conclusion, I highly recommend McDonald's in Prayagraj Civil Lines for its exceptional burgers and delightful ice cream with brownie. The quality of the food, combined with the excellent service, makes this location a standout choice for a satisfying meal or a sweet treat. This McDonald's location definitely deserves a four-star rating for its consistently delicious offerings and welcoming atmosphere.",a year ago,2025-11-04 16:07:04.105361,4.0,Saurya,19,https://www.google.com/maps/contrib/111688889130001027599/reviews?hl=en,,positive,0.598,0.72
Ci9DQUlRQUNvZENodHljRjlvT2pGcGExRmhNVzlPUjE5WlduWlNSamcwU1MxbE9FRRAB,"Its degrading the name of macdonald.. pathetic service...every time i visited there, i didn't get the chanhe to eat warm food..too much rush as single macd in whole prayagraj..very disappointed.",2 weeks ago,2025-11-04 16:07:07.026500,3.0,Ambuj Sharma,3,https://www.google.com/maps/contrib/102310967581385064340/reviews?hl=en,,negative,0.684,0.33
Ci9DQUlRQUNvZENodHljRjlvT2xCNVZpMDJia1pRWmpKUlpXaGFaek16WVZJdFRrRRAB,Good place to hang out with friends and family now they have more place to accomodate comfortablely,a month ago,2025-11-04 16:07:07.026979,5.0,Aijaz ansari,104,https://www.google.com/maps/contrib/107693742029103690849/reviews?hl=en,,positive,0.575,0.19
Ci9DQUlRQUNvZENodHljRjlvT25admNFRTNZME00YWxwTVRVbHpSVUpXY20welFrRRAB,"I remember this was the place when no other options were available in Prayagraj and now the place is the most crowded place where you can enjoy all types of foods whether it is icecream,momos,pizza, golgappe,chaat,burger and what not?",3 months ago,2025-11-04 16:07:07.027298,5.0,ritesh singh,47,https://www.google.com/maps/contrib/116320724522779178223/reviews?hl=en,,neutral,0.287,0.19
Ci9DQUlRQUNvZENodHljRjlvT21NemRuRnNhbE5vWDNGa1VuWTRhM0Y2WmtoUVgxRRAB,"The food at McDonald was delicious and exceeded my expectations. However, the service could have been better, and the cleanliness of the space needs improvement",4 months ago,2025-11-04 16:07:07.027625,5.0,Ajay Verma,75,https://www.google.com/maps/contrib/115159908581466274652/reviews?hl=en,,positive,0.408,0.29
ChdDSUhNMG9nS0VJQ0FnSURKdS1iQnZBRRAB,The Fanta McFloat was very good and the Paneer Wrap was bigger than expected and quite filling.,2 years ago,2025-11-04 16:07:07.027836,4.0,Wael Shaikh,35,https://www.google.com/maps/contrib/117660716492567068527/reviews?hl=en,,positive,0.539,0.15
ChZDSUhNMG9nS0VJQ0FnTUN3b2QyaEl3EAE,"I recently stopped by my local McDonald's for a quick bite, and it didn't disappoint. The moment I walked in, I was greeted with a warm smile by the staff. The restaurant was clean and well-maintained, which is always a plus.  I ordered the signature Big Mac, and it arrived promptly. The special sauce, lettuce, cheese, pickles, and beef patties all combined to create a flavor explosion that hit the spot. The fries were crispy and salty, just the way I like them.  What impressed me most was the efficiency of the service. The staff worked seamlessly together to ensure that orders were fulfilled quickly and accurately.  Overall, my experience at McDonald's was top-notch. The food was delicious, the service was speedy, and the atmosphere was welcoming. Whether you're a fast food fanatic or just need a quick meal on-the-go, McDonald's is a solid choice. Rating: 4/5 stars.",7 months ago,2025-11-04 16:07:07.028105,4.0,AKHIL KUMAR,11,https://www.google.com/maps/contrib/114994386811959480002/reviews?hl=en,,positive,0.418,0.69
ChZDSUhNMG9nS0VJQ0FnSURlbzVqQkNREAE,Yeah place is in the main civil line on the MG Marg. It is inside Atlantis Mall ppl commonly known it after Big Bazaar. The atmosphere is good for everyone. The place is mostly busy in evenings n weekends. You all know better abt Macdonalds. Overall experience is appreciable.,3 years ago,2025-11-04 16:07:07.028349,4.0,Vibhav Chaudhary,113,https://www.google.com/maps/contrib/112663929947802989022/reviews?hl=en,,positive,0.474,0.31
ChZDSUhNMG9nS0VJQ0FnSURoN0pfUWJ3EAE,"McDonald's is one of the finest fast-food restaurants in the Prayagraj region. The restaurant is a suitable place in the city for casual meals and hanging out with friends and families. Also, it has a team of experts with years of experience in food management. McDonald's is a famous brand and one of the most popular for their burger. The restaurant is renowned for its cleanliness and delicious burger. McDonald's is the leading global foodservice retailer with many Restaurants in India. They also provide online delivery to place their order at minimum prices to savour the best hamburgers at home.  McDonald's is the world's largest fast food restaurant chain, serving over 69 million customers daily in over 100 countries in more than 40,000 outlets as of 2021. McDonald's is best known for its hamburgers, cheeseburgers and french fries, although their menu also includes other items like chicken, fish, fruit, and salads. Their best-selling licensed items are their french fries, followed by the Big Mac. The McDonald's Corporation revenues come from the rent, royalties, and fees paid by the franchisees, as well as sales in company-operated restaurants. McDonald's is the world's second-largest private employer with 1.7 million employees (behind Walmart with 2.3 million employees). As of 2022, McDonald's has the sixth-highest global brand valuation.  McDonald's has been subject to criticism over the health effects of its products, its treatment of employees, and other business practices.  McDonald's has over 36,000 stores in 119 countries and territories, the second-most stores out of all fast food chains worldwide behind only the submarine sandwich chain Subway. They serve almost 54 million people each day.  The first McDonald's restaurant was opened by Richard and Maurice (Mac) McDonald in 1940. It was located on Route 66 in San Bernardino, California. The McDonald brothers later sold their company to Ray Kroc in Des Plaines, Illinois.",2 years ago,2025-11-04 16:07:07.028688,5.0,Pradumn Dharmraj Yadav,43,https://www.google.com/maps/contrib/111463820190652392993/reviews?hl=en,,positive,0.716,0.58
Ci9DQUlRQUNvZENodHljRjlvT21oelRYSk5ZMkZHUWpsUFRYcGtSVkIxZWpONWJrRRAB,It's good but now days with tine quality is declined and over - crowded alaways,2 weeks ago,2025-11-04 16:07:07.029137,4.0,Pranjal Mani,15,https://www.google.com/maps/contrib/118257453523747703492/reviews?hl=en,,neutral,0.362,0.09
Ci9DQUlRQUNvZENodHljRjlvT214NFZVcDNYME4xYzFOelRHVldkV3AyYTNGaFJIYxAB,It's better to order than eat here. Too crowdy and very slow service.,3 months ago,2025-11-04 16:07:07.029424,4.0,Ghost Riley,11,https://www.google.com/maps/contrib/105843474513685603811/reviews?hl=en,,negative,0.39,0.15
ChdDSUhNMG9nS0VJQ0FnSUNKcTUyLXNnRRAB,Pros- Over all good experience with family. Good ambiance for family and friends as McDonald's food is always üòâ in affordable price. . . Cons- Non availability of toilet.,2 years ago,2025-11-04 16:07:10.181415,4.0,Kajal Sahu,8,https://www.google.com/maps/contrib/113530000629686745274/reviews?hl=en,,positive,0.519,0.31
Ci9DQUlRQUNvZENodHljRjlvT2pFNVVsWTNURGczWVY5T2FXUnFhRlZLZDBFd2FXYxAB,Meals are fine but I like most is the Cold Coffee frappe and the McFlurry ice cream.,a month ago,2025-11-04 16:07:10.182201,4.0,Sunny Diwaker,13,https://www.google.com/maps/contrib/110668969544648198022/reviews?hl=en,,positive,0.439,0.18
Ci9DQUlRQUNvZENodHljRjlvT2tkWlowdG9SRzlPTlhGMVpIRm9SbE14Y0RGSVpIYxAB,Food quality was ok The service could have been better..,a month ago,2025-11-04 16:07:10.182859,5.0,Ujjwal Singh,32,https://www.google.com/maps/contrib/105362276625057058163/reviews?hl=en,,neutral,0.652,0.12
ChZDSUhNMG9nS0VJQ0FnSUNuMGRqRk1REAE,"McDonald's is good for family, friends and any type of relationship. Enjoyed meal üòÄ",a year ago,2025-11-04 16:07:10.183452,4.0,Akash Singh,100,https://www.google.com/maps/contrib/102520705509517156979/reviews?hl=en,,positive,0.598,0.21
ChdDSUhNMG9nS0VJQ0FnTURJLWF1dGtBRRAB,My favourite place for aloo tikki burger üçî‚ù§Ô∏è and it's budget friendly too,6 months ago,2025-11-04 16:07:10.184050,5.0,Kritika Jaiswal,28,https://www.google.com/maps/contrib/111978006529001061135/reviews?hl=en,,positive,0.643,0.16
Ci9DQUlRQUNvZENodHljRjlvT2pGSFZsRkZOVGxRV2t3Mk5HZGFWbEJCY1RaS1dVRRAB,Not worth it I went to the place for burger and the staff told me that the burger isn't available and not of a single type but all the types . Now tell me that what I will do in McDonald's when the burger isn't available.,a week ago,2025-11-04 16:07:10.184598,1.0,Shubhang Srivastava,0,https://www.google.com/maps/contrib/111370379490857567663/reviews?hl=en,,negative,0.438,0.2
Ci9DQUlRQUNvZENodHljRjlvT2prMmMwTlFRbVpETVdOUE9WOUZjRlZMVm5ORFdHYxAB,"Gorgious, first time - best time",4 months ago,2025-11-04 16:07:10.185053,5.0,RAHUL MAURYA,110,https://www.google.com/maps/contrib/107282085243779398435/reviews?hl=en,,positive,0.413,0.15
ChdDSUhNMG9nS0VJQ0FnSUMxOElpVmd3RRAB,i received 7 pieces of Chicken McNugget after ordering 9 pieces. The taste was quite bad as well. And they have no Avenue to list such grievances. Very disappointing experience.,a year ago,2025-11-04 16:07:10.185474,1.0,Sam Jha,1,https://www.google.com/maps/contrib/101864852086746620116/reviews?hl=en,,negative,0.597,0.31
ChdDSUhNMG9nS0VJQ0FnSURPMmNyeDJ3RRAB,One less rating is for cleanliness. This place is very crowded this is because people love the items delivered here. You have to service yourself. This place is not too expensive. The best thing is burger here. Like all other cities. Same taste.,3 years ago,2025-11-04 16:07:10.185926,4.0,dev vrat singh,140,https://www.google.com/maps/contrib/110836149730979944388/reviews?hl=en,,positive,0.336,0.36
ChdDSUhNMG9nS0VJQ0FnSURULS1mbzZRRRAB,"McDonald's  Civil Lines, Allahabad  Open now¬†-¬†10am ‚Äì 12midnight  Address  34-B, Zone 3, M.G. Marg, Civil Lines, Allahabad  Menu  Popular Dishes  Mcaloo Tikki, Mcveggie, Loaded Pizzas, Fries, Sauce, Chicken  People Say This Place Is Known For  Office Crowd, Customizations Available, Cozy Ambiance, Pocket Friendly, Good Portions, Great Recommendations  Average Cost  ‚Çπ500 for two people (approx.)  *however too crowded üòï",a year ago,2025-11-04 16:07:10.186434,3.0,Haris Indian,255,https://www.google.com/maps/contrib/106009621920949786735/reviews?hl=en,,positive,0.325,0.47
ChdDSUhNMG9nS0VJLW11ZGJWOXZITnVBRRAB,It was very rushed . And they don't even have screens where we could see order no. . and you have to stand there nearby the table since you have ordered untill you don't get your meal .,4 months ago,2025-11-04 16:07:13.384569,3.0,Dev Kumar Patel,13,https://www.google.com/maps/contrib/116824671915164518107/reviews?hl=en,,negative,0.63,0.19
Ci9DQUlRQUNvZENodHljRjlvT210Qk9HSllZWGh4ZG05UU5rdFhUM3A0WlVOR00zYxAB,In this shop food server is very good behaviour and food available best quality.,a month ago,2025-11-04 16:07:13.385264,5.0,Brajendra Kumar,10,https://www.google.com/maps/contrib/103527385094820523938/reviews?hl=en,,positive,0.591,0.2
Ci9DQUlRQUNvZENodHljRjlvT21FeE1XRm9RazEwZVRKa1ZtZE9lbWh3YUV0a1IxRRAB,A little inconvenience in service but overall it's good.,a month ago,2025-11-04 16:07:13.385753,5.0,Professor Sergio merquina,0,https://www.google.com/maps/contrib/112904450106040335397/reviews?hl=en,,positive,0.545,0.15
ChdDSUhNMG9nS0VJQ0FnSUMxakxmQ253RRAB,"Great place for hung up for students and family. It's renovated, it's new",a year ago,2025-11-04 16:07:13.386239,5.0,Ankita Saxena,81,https://www.google.com/maps/contrib/101819303478933022851/reviews?hl=en,,positive,0.736,0.16
Ci9DQUlRQUNvZENodHljRjlvT2paeE9VUm9kekpSUWtaU2QybE1aRkJHVGpGNlVsRRAB,The experience was very good. The food was very delicious.,a week ago,2025-11-04 16:07:13.386754,5.0,SAKSHAM MAURYA,8,https://www.google.com/maps/contrib/103642218881119930080/reviews?hl=en,,positive,0.481,0.19
ChZDSUhNMG9nS0VJQ0FnSURoMDlmU2NREAE,"It was nice catch up  with my friends. There is no proper spaces for more people, and you have to wait minimum half an hour to find empty chair and table.",2 years ago,2025-11-04 16:07:13.387354,1.0,Ashish Mishra,38,https://www.google.com/maps/contrib/114401070719660924503/reviews?hl=en,,positive,0.399,0.2
Ci9DQUlRQUNvZENodHljRjlvT21NM1RESjZWM0IwVmtGTWFHTkdZVFJyVEZwVFVXYxAB,The time of open store is 10 but they are not accepting order till 10.30 Worst McD management,4 months ago,2025-11-04 16:07:13.387881,1.0,Aditya Dighe,0,https://www.google.com/maps/contrib/114108570142439410650/reviews?hl=en,,negative,0.695,0.23
ChdDSUhNMG9nS0VJQ0FnSUNmdFplYmpRRRAB,"This is my disappointment regarding an incident I encountered at your store. When I attempted to enter, the guard stopped me and stated that helmets were not allowed inside. This policy seems both inconvenient and counterproductive, as it alienates customers and creates unnecessary friction.  A helmet is personal property, often carried for safety, especially for those commuting by bike or scooter. Denying entry to customers with helmets is not only inconvenient but also unfair to responsible patrons who simply wish to shop. Such restrictions might deter people from visiting your store, ultimately affecting your customer base and revenue.  I fail to see how such a policy contributes to a welcoming and customer-friendly environment. Growing a business requires fostering goodwill, convenience, and satisfaction‚Äînot imposing rules that frustrate paying customers.  I urge you to reconsider this approach and implement a more customer-centric policy. Providing a secure place for helmets or allowing them inside would demonstrate a commitment to customer comfort and encourage repeat visits.  I hope this feedback is taken constructively, and I look forward to seeing positive changes.",10 months ago,2025-11-04 16:07:13.388249,1.0,Rahul Tiwari,21,https://www.google.com/maps/contrib/114347258098155020771/reviews?hl=en,,negative,0.62,0.63
Ci9DQUlRQUNvZENodHljRjlvT2s1VlpHMTRkRkpYWjJod2QweFVWelIxVTIxd1kxRRAB,These people have been serving orders for so long and even after that they are still serving stale burgers,a month ago,2025-11-04 16:07:13.388646,1.0,Srishti kashyap,14,https://www.google.com/maps/contrib/106235705169164355014/reviews?hl=en,,positive,0.38,0.06
ChdDSUhNMG9nS0VJQ0FnSUNoaHZqejd3RRAB,It's good place for friends to gather and enjoy along with super food of your choice.,2 years ago,2025-11-04 16:07:13.388995,5.0,Arpit Maurya,8,https://www.google.com/maps/contrib/112037603279232857892/reviews?hl=en,,positive,0.476,0.23
ChdDSUhNMG9nS0VJQ0FnSURKb3RYRjJRRRAB,Today my order no was 194 ...One who took my order a female staff she treated me very well..but two staff members one male and female who were given reponsibility to pack my take away order they treated me badly then even did not put sticker on glasses of cold coffee not ready to provide me handbag when I forced then they provided and didn't put all d things in that paper bag and asked me to carry all d things any how in d same  manner for others customers they were packing that properly I felt disgusting so I took a picture of the order so one of d staff he packed order properly a male staff I am grateful for his gesture and responsibiliy he behaved that is why I am not giving any star instead giving 5 star...my main motive to tell this story is to tell Mcd pls ask all ur staff to treat all people equally..and respect to be part of mcd....I am sharing the pic the way they provided me earlier.pls look into it ...I don't want anything from ur end...just make changes in environment by teaching all staff to treat all customers equally....becoz I luv mcd cold coffee.,2 years ago,2025-11-04 16:07:16.560303,5.0,Vaishali Baghel,3,https://www.google.com/maps/contrib/102790732100509271985/reviews?hl=en,,negative,0.362,0.57
ChZDSUhNMG9nS0VJQ0FnSUMxdHFUWlpBEAE,"Ambience and atmosphere is so good but i wish i'd say the same for the food here it's the worst burger I've ever eaten in my life,please add some quality and quantity to your products Mcdonald",a year ago,2025-11-04 16:07:16.560748,3.0,Anurag Tiwari,39,https://www.google.com/maps/contrib/114584192227141944240/reviews?hl=en,,negative,0.821,0.21
Ci9DQUlRQUNvZENodHljRjlvT2tKTVVtSjJhSEV4YTNrMFZIZFljMTloYURCUlQzYxAB,Good place to have your meal. Ambience is nice to be in.,4 weeks ago,2025-11-04 16:07:16.561072,5.0,Arvind Tripathi,55,https://www.google.com/maps/contrib/101512512247489802166/reviews?hl=en,,positive,0.538,0.17
ChdDSUhNMG9nS0VJQ0FnTUNvbmF2UWp3RRAB,"The experience was hilarious because it was too much overcrowded and the all above this, the behaviour of the staffs was awful and disturbing, it was like paying for your food and getting disrespected as complimentary. Management should do something to control the crowd and should check the behaviour of their staffs.",6 months ago,2025-11-04 16:07:16.561541,2.0,SHREYASH PATHAK,28,https://www.google.com/maps/contrib/102161266129765683701/reviews?hl=en,,negative,0.479,0.22
ChZDSUhNMG9nS0VJQ0FnTURJNkp6SVRBEAE,"Delivery is very prompt. Here the order is not manual but as soon as you submit your order on board, the item will be served. Neat and clean place to eat.",6 months ago,2025-11-04 16:07:16.561795,5.0,Aman,149,https://www.google.com/maps/contrib/115419667353458058001/reviews?hl=en,,positive,0.452,0.26
Ci9DQUlRQUNvZENodHljRjlvT2poVFNrNUlkVnBYZEc1RlVGTkhVazB0TUY5UmVuYxAB,"What I like the most i.e. ambience of macD also the quality of burgers , french fries are up to the mark and tastier.",4 months ago,2025-11-04 16:07:16.562129,5.0,AYUSH BARANWAL,44,https://www.google.com/maps/contrib/108072186317973195860/reviews?hl=en,,positive,0.543,0.16
ChZDSUhNMG9nS0VJQ0FnSUQyLWF5RWZREAE,"Whenever you think of having burger . The only name which comes to your mind is McDonald's . Great taste of Burgers , Cream filled in it is just wow. All items are just wow in taste especially Mc Puff üòã",Edited 3 years ago,2025-11-04 16:07:16.562406,5.0,Arushi Srivastava,37,https://www.google.com/maps/contrib/110251262672696922384/reviews?hl=en,,positive,0.684,0.33
Ci9DQUlRQUNvZENodHljRjlvT2toWGRreDRhalJRY0cxcVQzaHRSRWxrUTBsTk5VRRAB,The seat is uncomfortable but French fries is brilliant and cold coffee is v good,2 months ago,2025-11-04 16:07:16.562703,5.0,Dheeraj K,0,https://www.google.com/maps/contrib/113382827761272688823/reviews?hl=en,,positive,0.451,0.22
Ci9DQUlRQUNvZENodHljRjlvT21KYWREUmtRbVF5YmtOcFh6WktlbmN4V0RKek9WRRAB,Love the cold coffee of this place. Crowded place service is okay,3 months ago,2025-11-04 16:07:16.562929,4.0,Sunil Singh,28,https://www.google.com/maps/contrib/100218493679437534715/reviews?hl=en,,neutral,0.615,0.21
ChZDSUhNMG9nS0VJQ0FnSUQtX3I2dkxREAE,It's give you complete feeling that you are eating in some western countries. Service - you have to go to counter to take your food Cleanliness is also very good üëç. But there is a problem that stuff come to you and force you to give review about McDonald's it's our choice that I have to do review or not but they force you very much.,2 years ago,2025-11-04 16:07:16.563158,4.0,Sachin Mishra,13,https://www.google.com/maps/contrib/114485411968483016367/reviews?hl=en,,positive,0.425,0.32
Ci9DQUlRQUNvZENodHljRjlvT2tGT1gxWXpRMFpsVWtwMldIQTVaa0k0ZG0wMGFuYxAB,Good but not better service,a month ago,2025-11-04 16:07:19.759111,5.0,Akhilesh Tiwari,17,https://www.google.com/maps/contrib/116254234750572081781/reviews?hl=en,,positive,0.46,0.1
ChdDSUhNMG9nS0VJQ0FnSURUOGNfU19BRRAB,"It was a really good fast food restaurant for  a long time but now its service has gone significantly bad to the point that most of the Kisoks simply don't work  either partially or completely and they aren't being repaired or anything like that for quite a long time now, moreover there is no such thing as table service at the moment, and the monitor that shows your order is also falsified essentially your order is prepared and given to you within minutes according to the monitor yet we usually get the order around 10-12 mins later though if all of this is ignored to some extent perhaps one could still call this a good place but as it stands it is in urgent need of maintenance.",Edited 7 months ago,2025-11-04 16:07:19.759610,3.0,Ansh Kumar Singh,3,https://www.google.com/maps/contrib/110117024540015552340/reviews?hl=en,,negative,0.368,0.38
Ci9DQUlRQUNvZENodHljRjlvT2xCb1YzZFBRV1JzYW01d2RtNU9XR0p6Um5NMVZGRRAB,Hot Cakes are a must try here great hospitality and nice environment,3 weeks ago,2025-11-04 16:07:19.760280,5.0,Devesh Mishra,0,https://www.google.com/maps/contrib/103653104535306165878/reviews?hl=en,,positive,0.559,0.19
Ci9DQUlRQUNvZENodHljRjlvT25KVmFGQk9Ua0ZEZHpoNE1rOXVYME52VG1oSFNsRRAB,Yummy burgers and brunches Gud behaviour staff,2 weeks ago,2025-11-04 16:07:19.760760,5.0,Vivek Mishra,18,https://www.google.com/maps/contrib/100954111132896436977/reviews?hl=en,,positive,0.306,0.13
Ci9DQUlRQUNvZENodHljRjlvT21ab2RrUXlieTFOVjJremVrYzJTbWR2Umxsbk1XYxAB,Food quality awesome,2 months ago,2025-11-04 16:07:19.761207,4.0,Adarsh Kumar,5,https://www.google.com/maps/contrib/105711002297756484744/reviews?hl=en,,positive,0.798,0.13
ChZDSUhNMG9nS0VJQ0FnSURQX3NIdEpREAE,"Very crowded. Cleanliness is a big issue. No hand wash facility available inside . All hand sanitizers  are found empty. Service is very slow. I think hygiene is a big issue here. But , if you are hungry and need a test then it's good.",11 months ago,2025-11-04 16:07:19.761715,3.0,PRAMTHESH SHARMA,44,https://www.google.com/maps/contrib/101384631989286068328/reviews?hl=en,,negative,0.338,0.33
ChZDSUhNMG9nS0VJQ0FnSUNPalBmcFh3EAE,35/- piza paner roll 46/- VG tiki Burger 72/- sizwan Burger 111/-   combo vg tiki burgar + FRENCH FRI + FANTA  Good place for friends,3 years ago,2025-11-04 16:07:19.762300,5.0,DHARMIK VAGHASIYA,259,https://www.google.com/maps/contrib/115657194063841382934/reviews?hl=en,,positive,0.294,0.22
ChdDSUhNMG9nS0VMZnB1NFR2eHZXNjZnRRAB,"It is a very clean and tidy place, everything is kept very clean, he takes good care of every thing",4 months ago,2025-11-04 16:07:19.762901,5.0,Amit tata Srivastava Amit,28,https://www.google.com/maps/contrib/109213248002024733179/reviews?hl=en,,positive,0.531,0.24
ChdDSUhNMG9nS0VJQ0FnSUNlaUtpY3J3RRAB,"Mc'D my absolute love. Their veg burgers are really good, non veg I find not really upto the mark. Moreover, the fries of McDonald's no one can ever beat. It's something to die for.",Edited 3 years ago,2025-11-04 16:07:19.763422,5.0,Psyduck XD,42,https://www.google.com/maps/contrib/103562081478307895065/reviews?hl=en,,positive,0.471,0.21
ChdDSUhNMG9nS0VKR0tzNE9xaHNqZHlnRRAB,Very bad service I love mcd very much but past few months the service and the food is getting more worse,5 months ago,2025-11-04 16:07:19.764013,1.0,Shivansh Jaiswal,0,https://www.google.com/maps/contrib/107886438420964876001/reviews?hl=en,,negative,0.657,0.24
